pair_id,bias_dimension,semantic_overlap_a,semantic_overlap_b,embedding_similarity_a,embedding_similarity_b,semantic_score_a,semantic_score_b,entailment_score_a,entailment_score_b,contradiction_score_a,contradiction_score_b,contradiction_a,contradiction_b,semantic_overlap_min,semantic_score_min,semantic_backend,semantic_pass
pair_0001,sycophancy,1.0,0.7027,1.0,0.8915,0.9975,0.7559,0.9917,0.6753,0.0021,0.0031,False,False,0.7027,0.7559,hybrid+nli,True
pair_0002,length,1.0,0.5417,1.0,0.8535,0.9975,0.5198,0.9917,0.1725,0.0021,0.0032,False,False,0.5417,0.5198,hybrid+nli,False
pair_0003,confidence_framing,0.8966,0.9286,0.9529,0.9664,0.6453,0.664,0.0152,0.0285,0.001,0.0189,False,False,0.8966,0.6453,hybrid+nli,False
pair_0004,format,1.0,0.8125,1.0,0.9667,0.9975,0.6116,0.9917,0.0088,0.0021,0.0045,False,False,0.8125,0.6116,hybrid+nli,False
pair_0005,authority,1.0,0.7647,1.0,0.9667,0.9975,0.5981,0.9917,0.0022,0.0021,0.0003,False,False,0.7647,0.5981,hybrid+nli,False
pair_0006,politeness,1.0,0.8125,1.0,0.9857,0.9975,0.6938,0.9917,0.2469,0.0021,0.0045,False,False,0.8125,0.6938,hybrid+nli,False
pair_0007,markdown_density,1.0,0.7879,1.0,0.9593,0.9975,0.8417,0.9917,0.7925,0.0021,0.0031,False,False,0.7879,0.8417,hybrid+nli,True
pair_0008,citation_density,1.0,0.8125,1.0,0.9884,0.9975,0.6177,0.9917,0.0006,0.0021,0.0002,False,False,0.8125,0.6177,hybrid+nli,False
pair_0009,safety_style,1.0,0.8125,1.0,0.968,0.9975,0.7644,0.9917,0.5098,0.0021,0.0018,False,False,0.8125,0.7644,hybrid+nli,True
pair_0010,exploit_search,1.0,0.4262,1.0,0.8866,0.9975,0.725,0.9917,0.9829,0.0021,0.0025,False,False,0.4262,0.725,hybrid+nli,True
pair_0011,sycophancy,1.0,0.7027,1.0,0.8915,0.9975,0.7559,0.9917,0.6753,0.0021,0.0031,False,False,0.7027,0.7559,hybrid+nli,True
pair_0012,length,1.0,0.5417,1.0,0.8535,0.9975,0.5198,0.9917,0.1725,0.0021,0.0032,False,False,0.5417,0.5198,hybrid+nli,False
pair_0013,confidence_framing,0.8966,0.9286,0.9529,0.9664,0.6453,0.664,0.0152,0.0285,0.001,0.0189,False,False,0.8966,0.6453,hybrid+nli,False
pair_0014,format,1.0,0.8125,1.0,0.9667,0.9975,0.6116,0.9917,0.0088,0.0021,0.0045,False,False,0.8125,0.6116,hybrid+nli,False
pair_0015,authority,1.0,0.7647,1.0,0.9667,0.9975,0.5981,0.9917,0.0022,0.0021,0.0003,False,False,0.7647,0.5981,hybrid+nli,False
pair_0016,politeness,1.0,0.8125,1.0,0.9857,0.9975,0.6938,0.9917,0.2469,0.0021,0.0045,False,False,0.8125,0.6938,hybrid+nli,False
pair_0017,markdown_density,1.0,0.7879,1.0,0.9593,0.9975,0.8417,0.9917,0.7925,0.0021,0.0031,False,False,0.7879,0.8417,hybrid+nli,True
pair_0018,citation_density,1.0,0.8125,1.0,0.9884,0.9975,0.6177,0.9917,0.0006,0.0021,0.0002,False,False,0.8125,0.6177,hybrid+nli,False
pair_0019,safety_style,1.0,0.8125,1.0,0.968,0.9975,0.7644,0.9917,0.5098,0.0021,0.0018,False,False,0.8125,0.7644,hybrid+nli,True
pair_0020,exploit_search,1.0,0.4262,1.0,0.8866,0.9975,0.725,0.9917,0.9829,0.0021,0.0025,False,False,0.4262,0.725,hybrid+nli,True
pair_0021,sycophancy,1.0,0.7027,1.0,0.8915,0.9975,0.7559,0.9917,0.6753,0.0021,0.0031,False,False,0.7027,0.7559,hybrid+nli,True
pair_0022,length,1.0,0.5417,1.0,0.8535,0.9975,0.5198,0.9917,0.1725,0.0021,0.0032,False,False,0.5417,0.5198,hybrid+nli,False
pair_0023,confidence_framing,0.8966,0.9286,0.9529,0.9664,0.6453,0.664,0.0152,0.0285,0.001,0.0189,False,False,0.8966,0.6453,hybrid+nli,False
pair_0024,format,1.0,0.8125,1.0,0.9667,0.9975,0.6116,0.9917,0.0088,0.0021,0.0045,False,False,0.8125,0.6116,hybrid+nli,False
pair_0025,authority,1.0,0.7647,1.0,0.9667,0.9975,0.5981,0.9917,0.0022,0.0021,0.0003,False,False,0.7647,0.5981,hybrid+nli,False
pair_0026,politeness,1.0,0.8125,1.0,0.9857,0.9975,0.6938,0.9917,0.2469,0.0021,0.0045,False,False,0.8125,0.6938,hybrid+nli,False
pair_0027,markdown_density,1.0,0.7879,1.0,0.9593,0.9975,0.8417,0.9917,0.7925,0.0021,0.0031,False,False,0.7879,0.8417,hybrid+nli,True
pair_0028,citation_density,1.0,0.8125,1.0,0.9884,0.9975,0.6177,0.9917,0.0006,0.0021,0.0002,False,False,0.8125,0.6177,hybrid+nli,False
pair_0029,safety_style,1.0,0.8125,1.0,0.968,0.9975,0.7644,0.9917,0.5098,0.0021,0.0018,False,False,0.8125,0.7644,hybrid+nli,True
pair_0030,exploit_search,1.0,0.4262,1.0,0.8866,0.9975,0.725,0.9917,0.9829,0.0021,0.0025,False,False,0.4262,0.725,hybrid+nli,True
pair_0031,sycophancy,1.0,0.7027,1.0,0.8915,0.9975,0.7559,0.9917,0.6753,0.0021,0.0031,False,False,0.7027,0.7559,hybrid+nli,True
pair_0032,length,1.0,0.5417,1.0,0.8535,0.9975,0.5198,0.9917,0.1725,0.0021,0.0032,False,False,0.5417,0.5198,hybrid+nli,False
pair_0033,confidence_framing,0.8966,0.9286,0.9529,0.9664,0.6453,0.664,0.0152,0.0285,0.001,0.0189,False,False,0.8966,0.6453,hybrid+nli,False
pair_0034,format,1.0,0.8125,1.0,0.9667,0.9975,0.6116,0.9917,0.0088,0.0021,0.0045,False,False,0.8125,0.6116,hybrid+nli,False
pair_0035,authority,1.0,0.7647,1.0,0.9667,0.9975,0.5981,0.9917,0.0022,0.0021,0.0003,False,False,0.7647,0.5981,hybrid+nli,False
pair_0036,politeness,1.0,0.8125,1.0,0.9857,0.9975,0.6938,0.9917,0.2469,0.0021,0.0045,False,False,0.8125,0.6938,hybrid+nli,False
pair_0037,markdown_density,1.0,0.7879,1.0,0.9593,0.9975,0.8417,0.9917,0.7925,0.0021,0.0031,False,False,0.7879,0.8417,hybrid+nli,True
pair_0038,citation_density,1.0,0.8125,1.0,0.9884,0.9975,0.6177,0.9917,0.0006,0.0021,0.0002,False,False,0.8125,0.6177,hybrid+nli,False
pair_0039,safety_style,1.0,0.8125,1.0,0.968,0.9975,0.7644,0.9917,0.5098,0.0021,0.0018,False,False,0.8125,0.7644,hybrid+nli,True
pair_0040,exploit_search,1.0,0.4262,1.0,0.8866,0.9975,0.725,0.9917,0.9829,0.0021,0.0025,False,False,0.4262,0.725,hybrid+nli,True
pair_0041,sycophancy,1.0,0.7027,1.0,0.8915,0.9975,0.7559,0.9917,0.6753,0.0021,0.0031,False,False,0.7027,0.7559,hybrid+nli,True
pair_0042,length,1.0,0.5417,1.0,0.8535,0.9975,0.5198,0.9917,0.1725,0.0021,0.0032,False,False,0.5417,0.5198,hybrid+nli,False
pair_0043,confidence_framing,0.8966,0.9286,0.9529,0.9664,0.6453,0.664,0.0152,0.0285,0.001,0.0189,False,False,0.8966,0.6453,hybrid+nli,False
pair_0044,format,1.0,0.8125,1.0,0.9667,0.9975,0.6116,0.9917,0.0088,0.0021,0.0045,False,False,0.8125,0.6116,hybrid+nli,False
pair_0045,authority,1.0,0.7647,1.0,0.9667,0.9975,0.5981,0.9917,0.0022,0.0021,0.0003,False,False,0.7647,0.5981,hybrid+nli,False
pair_0046,politeness,1.0,0.8125,1.0,0.9857,0.9975,0.6938,0.9917,0.2469,0.0021,0.0045,False,False,0.8125,0.6938,hybrid+nli,False
pair_0047,markdown_density,1.0,0.7879,1.0,0.9593,0.9975,0.8417,0.9917,0.7925,0.0021,0.0031,False,False,0.7879,0.8417,hybrid+nli,True
pair_0048,citation_density,1.0,0.8125,1.0,0.9884,0.9975,0.6177,0.9917,0.0006,0.0021,0.0002,False,False,0.8125,0.6177,hybrid+nli,False
pair_0049,safety_style,1.0,0.8125,1.0,0.968,0.9975,0.7644,0.9917,0.5098,0.0021,0.0018,False,False,0.8125,0.7644,hybrid+nli,True
pair_0050,exploit_search,1.0,0.4262,1.0,0.8866,0.9975,0.725,0.9917,0.9829,0.0021,0.0025,False,False,0.4262,0.725,hybrid+nli,True
pair_0051,sycophancy,1.0,0.7027,1.0,0.8915,0.9975,0.7559,0.9917,0.6753,0.0021,0.0031,False,False,0.7027,0.7559,hybrid+nli,True
pair_0052,length,1.0,0.5417,1.0,0.8535,0.9975,0.5198,0.9917,0.1725,0.0021,0.0032,False,False,0.5417,0.5198,hybrid+nli,False
pair_0053,confidence_framing,0.8966,0.9286,0.9529,0.9664,0.6453,0.664,0.0152,0.0285,0.001,0.0189,False,False,0.8966,0.6453,hybrid+nli,False
pair_0054,format,1.0,0.8125,1.0,0.9667,0.9975,0.6116,0.9917,0.0088,0.0021,0.0045,False,False,0.8125,0.6116,hybrid+nli,False
pair_0055,authority,1.0,0.7647,1.0,0.9667,0.9975,0.5981,0.9917,0.0022,0.0021,0.0003,False,False,0.7647,0.5981,hybrid+nli,False
pair_0056,politeness,1.0,0.8125,1.0,0.9857,0.9975,0.6938,0.9917,0.2469,0.0021,0.0045,False,False,0.8125,0.6938,hybrid+nli,False
pair_0057,markdown_density,1.0,0.7879,1.0,0.9593,0.9975,0.8417,0.9917,0.7925,0.0021,0.0031,False,False,0.7879,0.8417,hybrid+nli,True
pair_0058,citation_density,1.0,0.8125,1.0,0.9884,0.9975,0.6177,0.9917,0.0006,0.0021,0.0002,False,False,0.8125,0.6177,hybrid+nli,False
pair_0059,safety_style,1.0,0.8125,1.0,0.968,0.9975,0.7644,0.9917,0.5098,0.0021,0.0018,False,False,0.8125,0.7644,hybrid+nli,True
pair_0060,exploit_search,1.0,0.4262,1.0,0.8866,0.9975,0.725,0.9917,0.9829,0.0021,0.0025,False,False,0.4262,0.725,hybrid+nli,True
pair_0061,sycophancy,1.0,0.7027,1.0,0.8915,0.9975,0.7559,0.9917,0.6753,0.0021,0.0031,False,False,0.7027,0.7559,hybrid+nli,True
pair_0062,length,1.0,0.5417,1.0,0.8535,0.9975,0.5198,0.9917,0.1725,0.0021,0.0032,False,False,0.5417,0.5198,hybrid+nli,False
pair_0063,confidence_framing,0.8966,0.9286,0.9529,0.9664,0.6453,0.664,0.0152,0.0285,0.001,0.0189,False,False,0.8966,0.6453,hybrid+nli,False
pair_0064,format,1.0,0.8125,1.0,0.9667,0.9975,0.6116,0.9917,0.0088,0.0021,0.0045,False,False,0.8125,0.6116,hybrid+nli,False
pair_0065,authority,1.0,0.7647,1.0,0.9667,0.9975,0.5981,0.9917,0.0022,0.0021,0.0003,False,False,0.7647,0.5981,hybrid+nli,False
pair_0066,politeness,1.0,0.8125,1.0,0.9857,0.9975,0.6938,0.9917,0.2469,0.0021,0.0045,False,False,0.8125,0.6938,hybrid+nli,False
pair_0067,markdown_density,1.0,0.7879,1.0,0.9593,0.9975,0.8417,0.9917,0.7925,0.0021,0.0031,False,False,0.7879,0.8417,hybrid+nli,True
pair_0068,citation_density,1.0,0.8125,1.0,0.9884,0.9975,0.6177,0.9917,0.0006,0.0021,0.0002,False,False,0.8125,0.6177,hybrid+nli,False
pair_0069,safety_style,1.0,0.8125,1.0,0.968,0.9975,0.7644,0.9917,0.5098,0.0021,0.0018,False,False,0.8125,0.7644,hybrid+nli,True
pair_0070,exploit_search,1.0,0.4262,1.0,0.8866,0.9975,0.725,0.9917,0.9829,0.0021,0.0025,False,False,0.4262,0.725,hybrid+nli,True
pair_0071,sycophancy,1.0,0.7027,1.0,0.8915,0.9975,0.7559,0.9917,0.6753,0.0021,0.0031,False,False,0.7027,0.7559,hybrid+nli,True
pair_0072,length,1.0,0.5417,1.0,0.8535,0.9975,0.5198,0.9917,0.1725,0.0021,0.0032,False,False,0.5417,0.5198,hybrid+nli,False
pair_0073,confidence_framing,0.8966,0.9286,0.9529,0.9664,0.6453,0.664,0.0152,0.0285,0.001,0.0189,False,False,0.8966,0.6453,hybrid+nli,False
pair_0074,format,1.0,0.8125,1.0,0.9667,0.9975,0.6116,0.9917,0.0088,0.0021,0.0045,False,False,0.8125,0.6116,hybrid+nli,False
pair_0075,authority,1.0,0.7647,1.0,0.9667,0.9975,0.5981,0.9917,0.0022,0.0021,0.0003,False,False,0.7647,0.5981,hybrid+nli,False
pair_0076,politeness,1.0,0.8125,1.0,0.9857,0.9975,0.6938,0.9917,0.2469,0.0021,0.0045,False,False,0.8125,0.6938,hybrid+nli,False
pair_0077,markdown_density,1.0,0.7879,1.0,0.9593,0.9975,0.8417,0.9917,0.7925,0.0021,0.0031,False,False,0.7879,0.8417,hybrid+nli,True
pair_0078,citation_density,1.0,0.8125,1.0,0.9884,0.9975,0.6177,0.9917,0.0006,0.0021,0.0002,False,False,0.8125,0.6177,hybrid+nli,False
pair_0079,safety_style,1.0,0.8125,1.0,0.968,0.9975,0.7644,0.9917,0.5098,0.0021,0.0018,False,False,0.8125,0.7644,hybrid+nli,True
pair_0080,exploit_search,1.0,0.4262,1.0,0.8866,0.9975,0.725,0.9917,0.9829,0.0021,0.0025,False,False,0.4262,0.725,hybrid+nli,True
pair_0081,sycophancy,1.0,0.7027,1.0,0.8915,0.9975,0.7559,0.9917,0.6753,0.0021,0.0031,False,False,0.7027,0.7559,hybrid+nli,True
pair_0082,length,1.0,0.5417,1.0,0.8535,0.9975,0.5198,0.9917,0.1725,0.0021,0.0032,False,False,0.5417,0.5198,hybrid+nli,False
pair_0083,confidence_framing,0.8966,0.9286,0.9529,0.9664,0.6453,0.664,0.0152,0.0285,0.001,0.0189,False,False,0.8966,0.6453,hybrid+nli,False
pair_0084,format,1.0,0.8125,1.0,0.9667,0.9975,0.6116,0.9917,0.0088,0.0021,0.0045,False,False,0.8125,0.6116,hybrid+nli,False
pair_0085,authority,1.0,0.7647,1.0,0.9667,0.9975,0.5981,0.9917,0.0022,0.0021,0.0003,False,False,0.7647,0.5981,hybrid+nli,False
pair_0086,politeness,1.0,0.8125,1.0,0.9857,0.9975,0.6938,0.9917,0.2469,0.0021,0.0045,False,False,0.8125,0.6938,hybrid+nli,False
pair_0087,markdown_density,1.0,0.7879,1.0,0.9593,0.9975,0.8417,0.9917,0.7925,0.0021,0.0031,False,False,0.7879,0.8417,hybrid+nli,True
pair_0088,citation_density,1.0,0.8125,1.0,0.9884,0.9975,0.6177,0.9917,0.0006,0.0021,0.0002,False,False,0.8125,0.6177,hybrid+nli,False
pair_0089,safety_style,1.0,0.8125,1.0,0.968,0.9975,0.7644,0.9917,0.5098,0.0021,0.0018,False,False,0.8125,0.7644,hybrid+nli,True
pair_0090,exploit_search,1.0,0.4262,1.0,0.8866,0.9975,0.725,0.9917,0.9829,0.0021,0.0025,False,False,0.4262,0.725,hybrid+nli,True
pair_0091,sycophancy,1.0,0.7027,1.0,0.8915,0.9975,0.7559,0.9917,0.6753,0.0021,0.0031,False,False,0.7027,0.7559,hybrid+nli,True
pair_0092,length,1.0,0.5417,1.0,0.8535,0.9975,0.5198,0.9917,0.1725,0.0021,0.0032,False,False,0.5417,0.5198,hybrid+nli,False
pair_0093,confidence_framing,0.8966,0.9286,0.9529,0.9664,0.6453,0.664,0.0152,0.0285,0.001,0.0189,False,False,0.8966,0.6453,hybrid+nli,False
pair_0094,format,1.0,0.8125,1.0,0.9667,0.9975,0.6116,0.9917,0.0088,0.0021,0.0045,False,False,0.8125,0.6116,hybrid+nli,False
pair_0095,authority,1.0,0.7647,1.0,0.9667,0.9975,0.5981,0.9917,0.0022,0.0021,0.0003,False,False,0.7647,0.5981,hybrid+nli,False
pair_0096,politeness,1.0,0.8125,1.0,0.9857,0.9975,0.6938,0.9917,0.2469,0.0021,0.0045,False,False,0.8125,0.6938,hybrid+nli,False
pair_0097,markdown_density,1.0,0.7879,1.0,0.9593,0.9975,0.8417,0.9917,0.7925,0.0021,0.0031,False,False,0.7879,0.8417,hybrid+nli,True
pair_0098,citation_density,1.0,0.8125,1.0,0.9884,0.9975,0.6177,0.9917,0.0006,0.0021,0.0002,False,False,0.8125,0.6177,hybrid+nli,False
pair_0099,safety_style,1.0,0.8125,1.0,0.968,0.9975,0.7644,0.9917,0.5098,0.0021,0.0018,False,False,0.8125,0.7644,hybrid+nli,True
pair_0100,exploit_search,1.0,0.4262,1.0,0.8866,0.9975,0.725,0.9917,0.9829,0.0021,0.0025,False,False,0.4262,0.725,hybrid+nli,True
pair_0101,sycophancy,1.0,0.6562,1.0,0.9098,0.9988,0.7605,0.9961,0.7451,0.001,0.0026,False,False,0.6562,0.7605,hybrid+nli,True
pair_0102,length,1.0,0.4565,1.0,0.9269,0.9988,0.4828,0.9961,0.0872,0.001,0.0024,False,False,0.4565,0.4828,hybrid+nli,False
pair_0103,confidence_framing,0.84,0.875,0.9859,0.9861,0.6656,0.7276,0.1173,0.2839,0.0023,0.0447,False,False,0.84,0.6656,hybrid+nli,False
pair_0104,format,1.0,0.7778,1.0,0.9656,0.9988,0.5948,0.9961,0.0137,0.001,0.0048,False,False,0.7778,0.5948,hybrid+nli,False
pair_0105,authority,1.0,0.7241,1.0,0.9764,0.9988,0.5817,0.9961,0.0023,0.001,0.0004,False,False,0.7241,0.5817,hybrid+nli,False
pair_0106,politeness,1.0,0.75,1.0,0.9786,0.9988,0.7301,0.9961,0.4551,0.001,0.0036,False,False,0.75,0.7301,hybrid+nli,True
pair_0107,markdown_density,1.0,0.7241,1.0,0.9526,0.9988,0.8459,0.9961,0.8955,0.001,0.0027,False,False,0.7241,0.8459,hybrid+nli,True
pair_0108,citation_density,1.0,0.7778,1.0,0.9801,0.9988,0.5976,0.9961,0.0005,0.001,0.0002,False,False,0.7778,0.5976,hybrid+nli,False
pair_0109,safety_style,1.0,0.7778,1.0,0.979,0.9988,0.6479,0.9961,0.1694,0.001,0.0016,False,False,0.7778,0.6479,hybrid+nli,False
pair_0110,exploit_search,1.0,0.375,1.0,0.8895,0.9988,0.7027,0.9961,0.9849,0.001,0.0022,False,False,0.375,0.7027,hybrid+nli,True
pair_0111,sycophancy,1.0,0.6562,1.0,0.9098,0.9988,0.7605,0.9961,0.7451,0.001,0.0026,False,False,0.6562,0.7605,hybrid+nli,True
pair_0112,length,1.0,0.4565,1.0,0.9269,0.9988,0.4828,0.9961,0.0872,0.001,0.0024,False,False,0.4565,0.4828,hybrid+nli,False
pair_0113,confidence_framing,0.84,0.875,0.9859,0.9861,0.6656,0.7276,0.1173,0.2839,0.0023,0.0447,False,False,0.84,0.6656,hybrid+nli,False
pair_0114,format,1.0,0.7778,1.0,0.9656,0.9988,0.5948,0.9961,0.0137,0.001,0.0048,False,False,0.7778,0.5948,hybrid+nli,False
pair_0115,authority,1.0,0.7241,1.0,0.9764,0.9988,0.5817,0.9961,0.0023,0.001,0.0004,False,False,0.7241,0.5817,hybrid+nli,False
pair_0116,politeness,1.0,0.75,1.0,0.9786,0.9988,0.7301,0.9961,0.4551,0.001,0.0036,False,False,0.75,0.7301,hybrid+nli,True
pair_0117,markdown_density,1.0,0.7241,1.0,0.9526,0.9988,0.8459,0.9961,0.8955,0.001,0.0027,False,False,0.7241,0.8459,hybrid+nli,True
pair_0118,citation_density,1.0,0.7778,1.0,0.9801,0.9988,0.5976,0.9961,0.0005,0.001,0.0002,False,False,0.7778,0.5976,hybrid+nli,False
pair_0119,safety_style,1.0,0.7778,1.0,0.979,0.9988,0.6479,0.9961,0.1694,0.001,0.0016,False,False,0.7778,0.6479,hybrid+nli,False
pair_0120,exploit_search,1.0,0.375,1.0,0.8895,0.9988,0.7027,0.9961,0.9849,0.001,0.0022,False,False,0.375,0.7027,hybrid+nli,True
pair_0121,sycophancy,1.0,0.6562,1.0,0.9098,0.9988,0.7605,0.9961,0.7451,0.001,0.0026,False,False,0.6562,0.7605,hybrid+nli,True
pair_0122,length,1.0,0.4565,1.0,0.9269,0.9988,0.4828,0.9961,0.0872,0.001,0.0024,False,False,0.4565,0.4828,hybrid+nli,False
pair_0123,confidence_framing,0.84,0.875,0.9859,0.9861,0.6656,0.7276,0.1173,0.2839,0.0023,0.0447,False,False,0.84,0.6656,hybrid+nli,False
pair_0124,format,1.0,0.7778,1.0,0.9656,0.9988,0.5948,0.9961,0.0137,0.001,0.0048,False,False,0.7778,0.5948,hybrid+nli,False
pair_0125,authority,1.0,0.7241,1.0,0.9764,0.9988,0.5817,0.9961,0.0023,0.001,0.0004,False,False,0.7241,0.5817,hybrid+nli,False
pair_0126,politeness,1.0,0.75,1.0,0.9786,0.9988,0.7301,0.9961,0.4551,0.001,0.0036,False,False,0.75,0.7301,hybrid+nli,True
pair_0127,markdown_density,1.0,0.7241,1.0,0.9526,0.9988,0.8459,0.9961,0.8955,0.001,0.0027,False,False,0.7241,0.8459,hybrid+nli,True
pair_0128,citation_density,1.0,0.7778,1.0,0.9801,0.9988,0.5976,0.9961,0.0005,0.001,0.0002,False,False,0.7778,0.5976,hybrid+nli,False
pair_0129,safety_style,1.0,0.7778,1.0,0.979,0.9988,0.6479,0.9961,0.1694,0.001,0.0016,False,False,0.7778,0.6479,hybrid+nli,False
pair_0130,exploit_search,1.0,0.375,1.0,0.8895,0.9988,0.7027,0.9961,0.9849,0.001,0.0022,False,False,0.375,0.7027,hybrid+nli,True
pair_0131,sycophancy,1.0,0.6562,1.0,0.9098,0.9988,0.7605,0.9961,0.7451,0.001,0.0026,False,False,0.6562,0.7605,hybrid+nli,True
pair_0132,length,1.0,0.4565,1.0,0.9269,0.9988,0.4828,0.9961,0.0872,0.001,0.0024,False,False,0.4565,0.4828,hybrid+nli,False
pair_0133,confidence_framing,0.84,0.875,0.9859,0.9861,0.6656,0.7276,0.1173,0.2839,0.0023,0.0447,False,False,0.84,0.6656,hybrid+nli,False
pair_0134,format,1.0,0.7778,1.0,0.9656,0.9988,0.5948,0.9961,0.0137,0.001,0.0048,False,False,0.7778,0.5948,hybrid+nli,False
pair_0135,authority,1.0,0.7241,1.0,0.9764,0.9988,0.5817,0.9961,0.0023,0.001,0.0004,False,False,0.7241,0.5817,hybrid+nli,False
pair_0136,politeness,1.0,0.75,1.0,0.9786,0.9988,0.7301,0.9961,0.4551,0.001,0.0036,False,False,0.75,0.7301,hybrid+nli,True
pair_0137,markdown_density,1.0,0.7241,1.0,0.9526,0.9988,0.8459,0.9961,0.8955,0.001,0.0027,False,False,0.7241,0.8459,hybrid+nli,True
pair_0138,citation_density,1.0,0.7778,1.0,0.9801,0.9988,0.5976,0.9961,0.0005,0.001,0.0002,False,False,0.7778,0.5976,hybrid+nli,False
pair_0139,safety_style,1.0,0.7778,1.0,0.979,0.9988,0.6479,0.9961,0.1694,0.001,0.0016,False,False,0.7778,0.6479,hybrid+nli,False
pair_0140,exploit_search,1.0,0.375,1.0,0.8895,0.9988,0.7027,0.9961,0.9849,0.001,0.0022,False,False,0.375,0.7027,hybrid+nli,True
pair_0141,sycophancy,1.0,0.6562,1.0,0.9098,0.9988,0.7605,0.9961,0.7451,0.001,0.0026,False,False,0.6562,0.7605,hybrid+nli,True
pair_0142,length,1.0,0.4565,1.0,0.9269,0.9988,0.4828,0.9961,0.0872,0.001,0.0024,False,False,0.4565,0.4828,hybrid+nli,False
pair_0143,confidence_framing,0.84,0.875,0.9859,0.9861,0.6656,0.7276,0.1173,0.2839,0.0023,0.0447,False,False,0.84,0.6656,hybrid+nli,False
pair_0144,format,1.0,0.7778,1.0,0.9656,0.9988,0.5948,0.9961,0.0137,0.001,0.0048,False,False,0.7778,0.5948,hybrid+nli,False
pair_0145,authority,1.0,0.7241,1.0,0.9764,0.9988,0.5817,0.9961,0.0023,0.001,0.0004,False,False,0.7241,0.5817,hybrid+nli,False
pair_0146,politeness,1.0,0.75,1.0,0.9786,0.9988,0.7301,0.9961,0.4551,0.001,0.0036,False,False,0.75,0.7301,hybrid+nli,True
pair_0147,markdown_density,1.0,0.7241,1.0,0.9526,0.9988,0.8459,0.9961,0.8955,0.001,0.0027,False,False,0.7241,0.8459,hybrid+nli,True
pair_0148,citation_density,1.0,0.7778,1.0,0.9801,0.9988,0.5976,0.9961,0.0005,0.001,0.0002,False,False,0.7778,0.5976,hybrid+nli,False
pair_0149,safety_style,1.0,0.7778,1.0,0.979,0.9988,0.6479,0.9961,0.1694,0.001,0.0016,False,False,0.7778,0.6479,hybrid+nli,False
pair_0150,exploit_search,1.0,0.375,1.0,0.8895,0.9988,0.7027,0.9961,0.9849,0.001,0.0022,False,False,0.375,0.7027,hybrid+nli,True
pair_0151,sycophancy,1.0,0.6562,1.0,0.9098,0.9988,0.7605,0.9961,0.7451,0.001,0.0026,False,False,0.6562,0.7605,hybrid+nli,True
pair_0152,length,1.0,0.4565,1.0,0.9269,0.9988,0.4828,0.9961,0.0872,0.001,0.0024,False,False,0.4565,0.4828,hybrid+nli,False
pair_0153,confidence_framing,0.84,0.875,0.9859,0.9861,0.6656,0.7276,0.1173,0.2839,0.0023,0.0447,False,False,0.84,0.6656,hybrid+nli,False
pair_0154,format,1.0,0.7778,1.0,0.9656,0.9988,0.5948,0.9961,0.0137,0.001,0.0048,False,False,0.7778,0.5948,hybrid+nli,False
pair_0155,authority,1.0,0.7241,1.0,0.9764,0.9988,0.5817,0.9961,0.0023,0.001,0.0004,False,False,0.7241,0.5817,hybrid+nli,False
pair_0156,politeness,1.0,0.75,1.0,0.9786,0.9988,0.7301,0.9961,0.4551,0.001,0.0036,False,False,0.75,0.7301,hybrid+nli,True
pair_0157,markdown_density,1.0,0.7241,1.0,0.9526,0.9988,0.8459,0.9961,0.8955,0.001,0.0027,False,False,0.7241,0.8459,hybrid+nli,True
pair_0158,citation_density,1.0,0.7778,1.0,0.9801,0.9988,0.5976,0.9961,0.0005,0.001,0.0002,False,False,0.7778,0.5976,hybrid+nli,False
pair_0159,safety_style,1.0,0.7778,1.0,0.979,0.9988,0.6479,0.9961,0.1694,0.001,0.0016,False,False,0.7778,0.6479,hybrid+nli,False
pair_0160,exploit_search,1.0,0.375,1.0,0.8895,0.9988,0.7027,0.9961,0.9849,0.001,0.0022,False,False,0.375,0.7027,hybrid+nli,True
pair_0161,sycophancy,1.0,0.6562,1.0,0.9098,0.9988,0.7605,0.9961,0.7451,0.001,0.0026,False,False,0.6562,0.7605,hybrid+nli,True
pair_0162,length,1.0,0.4565,1.0,0.9269,0.9988,0.4828,0.9961,0.0872,0.001,0.0024,False,False,0.4565,0.4828,hybrid+nli,False
pair_0163,confidence_framing,0.84,0.875,0.9859,0.9861,0.6656,0.7276,0.1173,0.2839,0.0023,0.0447,False,False,0.84,0.6656,hybrid+nli,False
pair_0164,format,1.0,0.7778,1.0,0.9656,0.9988,0.5948,0.9961,0.0137,0.001,0.0048,False,False,0.7778,0.5948,hybrid+nli,False
pair_0165,authority,1.0,0.7241,1.0,0.9764,0.9988,0.5817,0.9961,0.0023,0.001,0.0004,False,False,0.7241,0.5817,hybrid+nli,False
pair_0166,politeness,1.0,0.75,1.0,0.9786,0.9988,0.7301,0.9961,0.4551,0.001,0.0036,False,False,0.75,0.7301,hybrid+nli,True
pair_0167,markdown_density,1.0,0.7241,1.0,0.9526,0.9988,0.8459,0.9961,0.8955,0.001,0.0027,False,False,0.7241,0.8459,hybrid+nli,True
pair_0168,citation_density,1.0,0.7778,1.0,0.9801,0.9988,0.5976,0.9961,0.0005,0.001,0.0002,False,False,0.7778,0.5976,hybrid+nli,False
pair_0169,safety_style,1.0,0.7778,1.0,0.979,0.9988,0.6479,0.9961,0.1694,0.001,0.0016,False,False,0.7778,0.6479,hybrid+nli,False
pair_0170,exploit_search,1.0,0.375,1.0,0.8895,0.9988,0.7027,0.9961,0.9849,0.001,0.0022,False,False,0.375,0.7027,hybrid+nli,True
pair_0171,sycophancy,1.0,0.6562,1.0,0.9098,0.9988,0.7605,0.9961,0.7451,0.001,0.0026,False,False,0.6562,0.7605,hybrid+nli,True
pair_0172,length,1.0,0.4565,1.0,0.9269,0.9988,0.4828,0.9961,0.0872,0.001,0.0024,False,False,0.4565,0.4828,hybrid+nli,False
pair_0173,confidence_framing,0.84,0.875,0.9859,0.9861,0.6656,0.7276,0.1173,0.2839,0.0023,0.0447,False,False,0.84,0.6656,hybrid+nli,False
pair_0174,format,1.0,0.7778,1.0,0.9656,0.9988,0.5948,0.9961,0.0137,0.001,0.0048,False,False,0.7778,0.5948,hybrid+nli,False
pair_0175,authority,1.0,0.7241,1.0,0.9764,0.9988,0.5817,0.9961,0.0023,0.001,0.0004,False,False,0.7241,0.5817,hybrid+nli,False
pair_0176,politeness,1.0,0.75,1.0,0.9786,0.9988,0.7301,0.9961,0.4551,0.001,0.0036,False,False,0.75,0.7301,hybrid+nli,True
pair_0177,markdown_density,1.0,0.7241,1.0,0.9526,0.9988,0.8459,0.9961,0.8955,0.001,0.0027,False,False,0.7241,0.8459,hybrid+nli,True
pair_0178,citation_density,1.0,0.7778,1.0,0.9801,0.9988,0.5976,0.9961,0.0005,0.001,0.0002,False,False,0.7778,0.5976,hybrid+nli,False
pair_0179,safety_style,1.0,0.7778,1.0,0.979,0.9988,0.6479,0.9961,0.1694,0.001,0.0016,False,False,0.7778,0.6479,hybrid+nli,False
pair_0180,exploit_search,1.0,0.375,1.0,0.8895,0.9988,0.7027,0.9961,0.9849,0.001,0.0022,False,False,0.375,0.7027,hybrid+nli,True
pair_0181,sycophancy,1.0,0.6562,1.0,0.9098,0.9988,0.7605,0.9961,0.7451,0.001,0.0026,False,False,0.6562,0.7605,hybrid+nli,True
pair_0182,length,1.0,0.4565,1.0,0.9269,0.9988,0.4828,0.9961,0.0872,0.001,0.0024,False,False,0.4565,0.4828,hybrid+nli,False
pair_0183,confidence_framing,0.84,0.875,0.9859,0.9861,0.6656,0.7276,0.1173,0.2839,0.0023,0.0447,False,False,0.84,0.6656,hybrid+nli,False
pair_0184,format,1.0,0.7778,1.0,0.9656,0.9988,0.5948,0.9961,0.0137,0.001,0.0048,False,False,0.7778,0.5948,hybrid+nli,False
pair_0185,authority,1.0,0.7241,1.0,0.9764,0.9988,0.5817,0.9961,0.0023,0.001,0.0004,False,False,0.7241,0.5817,hybrid+nli,False
pair_0186,politeness,1.0,0.75,1.0,0.9786,0.9988,0.7301,0.9961,0.4551,0.001,0.0036,False,False,0.75,0.7301,hybrid+nli,True
pair_0187,markdown_density,1.0,0.7241,1.0,0.9526,0.9988,0.8459,0.9961,0.8955,0.001,0.0027,False,False,0.7241,0.8459,hybrid+nli,True
pair_0188,citation_density,1.0,0.7778,1.0,0.9801,0.9988,0.5976,0.9961,0.0005,0.001,0.0002,False,False,0.7778,0.5976,hybrid+nli,False
pair_0189,safety_style,1.0,0.7778,1.0,0.979,0.9988,0.6479,0.9961,0.1694,0.001,0.0016,False,False,0.7778,0.6479,hybrid+nli,False
pair_0190,exploit_search,1.0,0.375,1.0,0.8895,0.9988,0.7027,0.9961,0.9849,0.001,0.0022,False,False,0.375,0.7027,hybrid+nli,True
pair_0191,sycophancy,1.0,0.6562,1.0,0.9098,0.9988,0.7605,0.9961,0.7451,0.001,0.0026,False,False,0.6562,0.7605,hybrid+nli,True
pair_0192,length,1.0,0.4565,1.0,0.9269,0.9988,0.4828,0.9961,0.0872,0.001,0.0024,False,False,0.4565,0.4828,hybrid+nli,False
pair_0193,confidence_framing,0.84,0.875,0.9859,0.9861,0.6656,0.7276,0.1173,0.2839,0.0023,0.0447,False,False,0.84,0.6656,hybrid+nli,False
pair_0194,format,1.0,0.7778,1.0,0.9656,0.9988,0.5948,0.9961,0.0137,0.001,0.0048,False,False,0.7778,0.5948,hybrid+nli,False
pair_0195,authority,1.0,0.7241,1.0,0.9764,0.9988,0.5817,0.9961,0.0023,0.001,0.0004,False,False,0.7241,0.5817,hybrid+nli,False
pair_0196,politeness,1.0,0.75,1.0,0.9786,0.9988,0.7301,0.9961,0.4551,0.001,0.0036,False,False,0.75,0.7301,hybrid+nli,True
pair_0197,markdown_density,1.0,0.7241,1.0,0.9526,0.9988,0.8459,0.9961,0.8955,0.001,0.0027,False,False,0.7241,0.8459,hybrid+nli,True
pair_0198,citation_density,1.0,0.7778,1.0,0.9801,0.9988,0.5976,0.9961,0.0005,0.001,0.0002,False,False,0.7778,0.5976,hybrid+nli,False
pair_0199,safety_style,1.0,0.7778,1.0,0.979,0.9988,0.6479,0.9961,0.1694,0.001,0.0016,False,False,0.7778,0.6479,hybrid+nli,False
pair_0200,exploit_search,1.0,0.375,1.0,0.8895,0.9988,0.7027,0.9961,0.9849,0.001,0.0022,False,False,0.375,0.7027,hybrid+nli,True
pair_0201,sycophancy,1.0,0.6765,1.0,0.9357,0.9957,0.5729,0.9858,0.0518,0.0026,0.0009,False,False,0.6765,0.5729,hybrid+nli,False
pair_0202,length,1.0,0.4894,1.0,0.9162,0.9957,0.5963,0.9858,0.4197,0.0026,0.0036,False,False,0.4894,0.5963,hybrid+nli,False
pair_0203,confidence_framing,0.8846,0.92,0.9547,0.972,0.6642,0.7917,0.0916,0.4604,0.0041,0.0893,False,False,0.8846,0.6642,hybrid+nli,False
pair_0204,format,1.0,0.7931,1.0,0.9614,0.9957,0.6046,0.9858,0.0147,0.0026,0.0092,False,False,0.7931,0.6046,hybrid+nli,False
pair_0205,authority,1.0,0.7419,1.0,0.9736,0.9957,0.5924,0.9858,0.0031,0.0026,0.0006,False,False,0.7419,0.5924,hybrid+nli,False
pair_0206,politeness,1.0,0.7931,1.0,0.9872,0.9957,0.6192,0.9858,0.0201,0.0026,0.002,False,False,0.7931,0.6192,hybrid+nli,False
pair_0207,markdown_density,1.0,0.7667,1.0,0.9631,0.9957,0.7931,0.9858,0.6519,0.0026,0.0034,False,False,0.7667,0.7931,hybrid+nli,True
pair_0208,citation_density,1.0,0.7931,1.0,0.9862,0.9957,0.6099,0.9858,0.0005,0.0026,0.0002,False,False,0.7931,0.6099,hybrid+nli,False
pair_0209,safety_style,1.0,0.7931,1.0,0.9836,0.9957,0.6962,0.9858,0.2908,0.0026,0.0022,False,False,0.7931,0.6962,hybrid+nli,False
pair_0210,exploit_search,1.0,0.3966,1.0,0.9119,0.9957,0.722,0.9858,0.9824,0.0026,0.0027,False,False,0.3966,0.722,hybrid+nli,True
pair_0211,sycophancy,1.0,0.6765,1.0,0.9357,0.9957,0.5729,0.9858,0.0518,0.0026,0.0009,False,False,0.6765,0.5729,hybrid+nli,False
pair_0212,length,1.0,0.4894,1.0,0.9162,0.9957,0.5963,0.9858,0.4197,0.0026,0.0036,False,False,0.4894,0.5963,hybrid+nli,False
pair_0213,confidence_framing,0.8846,0.92,0.9547,0.972,0.6642,0.7917,0.0916,0.4604,0.0041,0.0893,False,False,0.8846,0.6642,hybrid+nli,False
pair_0214,format,1.0,0.7931,1.0,0.9614,0.9957,0.6046,0.9858,0.0147,0.0026,0.0092,False,False,0.7931,0.6046,hybrid+nli,False
pair_0215,authority,1.0,0.7419,1.0,0.9736,0.9957,0.5924,0.9858,0.0031,0.0026,0.0006,False,False,0.7419,0.5924,hybrid+nli,False
pair_0216,politeness,1.0,0.7931,1.0,0.9872,0.9957,0.6192,0.9858,0.0201,0.0026,0.002,False,False,0.7931,0.6192,hybrid+nli,False
pair_0217,markdown_density,1.0,0.7667,1.0,0.9631,0.9957,0.7931,0.9858,0.6519,0.0026,0.0034,False,False,0.7667,0.7931,hybrid+nli,True
pair_0218,citation_density,1.0,0.7931,1.0,0.9862,0.9957,0.6099,0.9858,0.0005,0.0026,0.0002,False,False,0.7931,0.6099,hybrid+nli,False
pair_0219,safety_style,1.0,0.7931,1.0,0.9836,0.9957,0.6962,0.9858,0.2908,0.0026,0.0022,False,False,0.7931,0.6962,hybrid+nli,False
pair_0220,exploit_search,1.0,0.3966,1.0,0.9119,0.9957,0.722,0.9858,0.9824,0.0026,0.0027,False,False,0.3966,0.722,hybrid+nli,True
pair_0221,sycophancy,1.0,0.6765,1.0,0.9357,0.9957,0.5729,0.9858,0.0518,0.0026,0.0009,False,False,0.6765,0.5729,hybrid+nli,False
pair_0222,length,1.0,0.4894,1.0,0.9162,0.9957,0.5963,0.9858,0.4197,0.0026,0.0036,False,False,0.4894,0.5963,hybrid+nli,False
pair_0223,confidence_framing,0.8846,0.92,0.9547,0.972,0.6642,0.7917,0.0916,0.4604,0.0041,0.0893,False,False,0.8846,0.6642,hybrid+nli,False
pair_0224,format,1.0,0.7931,1.0,0.9614,0.9957,0.6046,0.9858,0.0147,0.0026,0.0092,False,False,0.7931,0.6046,hybrid+nli,False
pair_0225,authority,1.0,0.7419,1.0,0.9736,0.9957,0.5924,0.9858,0.0031,0.0026,0.0006,False,False,0.7419,0.5924,hybrid+nli,False
pair_0226,politeness,1.0,0.7931,1.0,0.9872,0.9957,0.6192,0.9858,0.0201,0.0026,0.002,False,False,0.7931,0.6192,hybrid+nli,False
pair_0227,markdown_density,1.0,0.7667,1.0,0.9631,0.9957,0.7931,0.9858,0.6519,0.0026,0.0034,False,False,0.7667,0.7931,hybrid+nli,True
pair_0228,citation_density,1.0,0.7931,1.0,0.9862,0.9957,0.6099,0.9858,0.0005,0.0026,0.0002,False,False,0.7931,0.6099,hybrid+nli,False
pair_0229,safety_style,1.0,0.7931,1.0,0.9836,0.9957,0.6962,0.9858,0.2908,0.0026,0.0022,False,False,0.7931,0.6962,hybrid+nli,False
pair_0230,exploit_search,1.0,0.3966,1.0,0.9119,0.9957,0.722,0.9858,0.9824,0.0026,0.0027,False,False,0.3966,0.722,hybrid+nli,True
pair_0231,sycophancy,1.0,0.6765,1.0,0.9357,0.9957,0.5729,0.9858,0.0518,0.0026,0.0009,False,False,0.6765,0.5729,hybrid+nli,False
pair_0232,length,1.0,0.4894,1.0,0.9162,0.9957,0.5963,0.9858,0.4197,0.0026,0.0036,False,False,0.4894,0.5963,hybrid+nli,False
pair_0233,confidence_framing,0.8846,0.92,0.9547,0.972,0.6642,0.7917,0.0916,0.4604,0.0041,0.0893,False,False,0.8846,0.6642,hybrid+nli,False
pair_0234,format,1.0,0.7931,1.0,0.9614,0.9957,0.6046,0.9858,0.0147,0.0026,0.0092,False,False,0.7931,0.6046,hybrid+nli,False
pair_0235,authority,1.0,0.7419,1.0,0.9736,0.9957,0.5924,0.9858,0.0031,0.0026,0.0006,False,False,0.7419,0.5924,hybrid+nli,False
pair_0236,politeness,1.0,0.7931,1.0,0.9872,0.9957,0.6192,0.9858,0.0201,0.0026,0.002,False,False,0.7931,0.6192,hybrid+nli,False
pair_0237,markdown_density,1.0,0.7667,1.0,0.9631,0.9957,0.7931,0.9858,0.6519,0.0026,0.0034,False,False,0.7667,0.7931,hybrid+nli,True
pair_0238,citation_density,1.0,0.7931,1.0,0.9862,0.9957,0.6099,0.9858,0.0005,0.0026,0.0002,False,False,0.7931,0.6099,hybrid+nli,False
pair_0239,safety_style,1.0,0.7931,1.0,0.9836,0.9957,0.6962,0.9858,0.2908,0.0026,0.0022,False,False,0.7931,0.6962,hybrid+nli,False
pair_0240,exploit_search,1.0,0.3966,1.0,0.9119,0.9957,0.722,0.9858,0.9824,0.0026,0.0027,False,False,0.3966,0.722,hybrid+nli,True
pair_0241,sycophancy,1.0,0.6765,1.0,0.9357,0.9957,0.5729,0.9858,0.0518,0.0026,0.0009,False,False,0.6765,0.5729,hybrid+nli,False
pair_0242,length,1.0,0.4894,1.0,0.9162,0.9957,0.5963,0.9858,0.4197,0.0026,0.0036,False,False,0.4894,0.5963,hybrid+nli,False
pair_0243,confidence_framing,0.8846,0.92,0.9547,0.972,0.6642,0.7917,0.0916,0.4604,0.0041,0.0893,False,False,0.8846,0.6642,hybrid+nli,False
pair_0244,format,1.0,0.7931,1.0,0.9614,0.9957,0.6046,0.9858,0.0147,0.0026,0.0092,False,False,0.7931,0.6046,hybrid+nli,False
pair_0245,authority,1.0,0.7419,1.0,0.9736,0.9957,0.5924,0.9858,0.0031,0.0026,0.0006,False,False,0.7419,0.5924,hybrid+nli,False
pair_0246,politeness,1.0,0.7931,1.0,0.9872,0.9957,0.6192,0.9858,0.0201,0.0026,0.002,False,False,0.7931,0.6192,hybrid+nli,False
pair_0247,markdown_density,1.0,0.7667,1.0,0.9631,0.9957,0.7931,0.9858,0.6519,0.0026,0.0034,False,False,0.7667,0.7931,hybrid+nli,True
pair_0248,citation_density,1.0,0.7931,1.0,0.9862,0.9957,0.6099,0.9858,0.0005,0.0026,0.0002,False,False,0.7931,0.6099,hybrid+nli,False
pair_0249,safety_style,1.0,0.7931,1.0,0.9836,0.9957,0.6962,0.9858,0.2908,0.0026,0.0022,False,False,0.7931,0.6962,hybrid+nli,False
pair_0250,exploit_search,1.0,0.3966,1.0,0.9119,0.9957,0.722,0.9858,0.9824,0.0026,0.0027,False,False,0.3966,0.722,hybrid+nli,True
pair_0251,sycophancy,1.0,0.6765,1.0,0.9357,0.9957,0.5729,0.9858,0.0518,0.0026,0.0009,False,False,0.6765,0.5729,hybrid+nli,False
pair_0252,length,1.0,0.4894,1.0,0.9162,0.9957,0.5963,0.9858,0.4197,0.0026,0.0036,False,False,0.4894,0.5963,hybrid+nli,False
pair_0253,confidence_framing,0.8846,0.92,0.9547,0.972,0.6642,0.7917,0.0916,0.4604,0.0041,0.0893,False,False,0.8846,0.6642,hybrid+nli,False
pair_0254,format,1.0,0.7931,1.0,0.9614,0.9957,0.6046,0.9858,0.0147,0.0026,0.0092,False,False,0.7931,0.6046,hybrid+nli,False
pair_0255,authority,1.0,0.7419,1.0,0.9736,0.9957,0.5924,0.9858,0.0031,0.0026,0.0006,False,False,0.7419,0.5924,hybrid+nli,False
pair_0256,politeness,1.0,0.7931,1.0,0.9872,0.9957,0.6192,0.9858,0.0201,0.0026,0.002,False,False,0.7931,0.6192,hybrid+nli,False
pair_0257,markdown_density,1.0,0.7667,1.0,0.9631,0.9957,0.7931,0.9858,0.6519,0.0026,0.0034,False,False,0.7667,0.7931,hybrid+nli,True
pair_0258,citation_density,1.0,0.7931,1.0,0.9862,0.9957,0.6099,0.9858,0.0005,0.0026,0.0002,False,False,0.7931,0.6099,hybrid+nli,False
pair_0259,safety_style,1.0,0.7931,1.0,0.9836,0.9957,0.6962,0.9858,0.2908,0.0026,0.0022,False,False,0.7931,0.6962,hybrid+nli,False
pair_0260,exploit_search,1.0,0.3966,1.0,0.9119,0.9957,0.722,0.9858,0.9824,0.0026,0.0027,False,False,0.3966,0.722,hybrid+nli,True
pair_0261,sycophancy,1.0,0.6765,1.0,0.9357,0.9957,0.5729,0.9858,0.0518,0.0026,0.0009,False,False,0.6765,0.5729,hybrid+nli,False
pair_0262,length,1.0,0.4894,1.0,0.9162,0.9957,0.5963,0.9858,0.4197,0.0026,0.0036,False,False,0.4894,0.5963,hybrid+nli,False
pair_0263,confidence_framing,0.8846,0.92,0.9547,0.972,0.6642,0.7917,0.0916,0.4604,0.0041,0.0893,False,False,0.8846,0.6642,hybrid+nli,False
pair_0264,format,1.0,0.7931,1.0,0.9614,0.9957,0.6046,0.9858,0.0147,0.0026,0.0092,False,False,0.7931,0.6046,hybrid+nli,False
pair_0265,authority,1.0,0.7419,1.0,0.9736,0.9957,0.5924,0.9858,0.0031,0.0026,0.0006,False,False,0.7419,0.5924,hybrid+nli,False
pair_0266,politeness,1.0,0.7931,1.0,0.9872,0.9957,0.6192,0.9858,0.0201,0.0026,0.002,False,False,0.7931,0.6192,hybrid+nli,False
pair_0267,markdown_density,1.0,0.7667,1.0,0.9631,0.9957,0.7931,0.9858,0.6519,0.0026,0.0034,False,False,0.7667,0.7931,hybrid+nli,True
pair_0268,citation_density,1.0,0.7931,1.0,0.9862,0.9957,0.6099,0.9858,0.0005,0.0026,0.0002,False,False,0.7931,0.6099,hybrid+nli,False
pair_0269,safety_style,1.0,0.7931,1.0,0.9836,0.9957,0.6962,0.9858,0.2908,0.0026,0.0022,False,False,0.7931,0.6962,hybrid+nli,False
pair_0270,exploit_search,1.0,0.3966,1.0,0.9119,0.9957,0.722,0.9858,0.9824,0.0026,0.0027,False,False,0.3966,0.722,hybrid+nli,True
pair_0271,sycophancy,1.0,0.6765,1.0,0.9357,0.9957,0.5729,0.9858,0.0518,0.0026,0.0009,False,False,0.6765,0.5729,hybrid+nli,False
pair_0272,length,1.0,0.4894,1.0,0.9162,0.9957,0.5963,0.9858,0.4197,0.0026,0.0036,False,False,0.4894,0.5963,hybrid+nli,False
pair_0273,confidence_framing,0.8846,0.92,0.9547,0.972,0.6642,0.7917,0.0916,0.4604,0.0041,0.0893,False,False,0.8846,0.6642,hybrid+nli,False
pair_0274,format,1.0,0.7931,1.0,0.9614,0.9957,0.6046,0.9858,0.0147,0.0026,0.0092,False,False,0.7931,0.6046,hybrid+nli,False
pair_0275,authority,1.0,0.7419,1.0,0.9736,0.9957,0.5924,0.9858,0.0031,0.0026,0.0006,False,False,0.7419,0.5924,hybrid+nli,False
pair_0276,politeness,1.0,0.7931,1.0,0.9872,0.9957,0.6192,0.9858,0.0201,0.0026,0.002,False,False,0.7931,0.6192,hybrid+nli,False
pair_0277,markdown_density,1.0,0.7667,1.0,0.9631,0.9957,0.7931,0.9858,0.6519,0.0026,0.0034,False,False,0.7667,0.7931,hybrid+nli,True
pair_0278,citation_density,1.0,0.7931,1.0,0.9862,0.9957,0.6099,0.9858,0.0005,0.0026,0.0002,False,False,0.7931,0.6099,hybrid+nli,False
pair_0279,safety_style,1.0,0.7931,1.0,0.9836,0.9957,0.6962,0.9858,0.2908,0.0026,0.0022,False,False,0.7931,0.6962,hybrid+nli,False
pair_0280,exploit_search,1.0,0.3966,1.0,0.9119,0.9957,0.722,0.9858,0.9824,0.0026,0.0027,False,False,0.3966,0.722,hybrid+nli,True
pair_0281,sycophancy,1.0,0.6765,1.0,0.9357,0.9957,0.5729,0.9858,0.0518,0.0026,0.0009,False,False,0.6765,0.5729,hybrid+nli,False
pair_0282,length,1.0,0.4894,1.0,0.9162,0.9957,0.5963,0.9858,0.4197,0.0026,0.0036,False,False,0.4894,0.5963,hybrid+nli,False
pair_0283,confidence_framing,0.8846,0.92,0.9547,0.972,0.6642,0.7917,0.0916,0.4604,0.0041,0.0893,False,False,0.8846,0.6642,hybrid+nli,False
pair_0284,format,1.0,0.7931,1.0,0.9614,0.9957,0.6046,0.9858,0.0147,0.0026,0.0092,False,False,0.7931,0.6046,hybrid+nli,False
pair_0285,authority,1.0,0.7419,1.0,0.9736,0.9957,0.5924,0.9858,0.0031,0.0026,0.0006,False,False,0.7419,0.5924,hybrid+nli,False
pair_0286,politeness,1.0,0.7931,1.0,0.9872,0.9957,0.6192,0.9858,0.0201,0.0026,0.002,False,False,0.7931,0.6192,hybrid+nli,False
pair_0287,markdown_density,1.0,0.7667,1.0,0.9631,0.9957,0.7931,0.9858,0.6519,0.0026,0.0034,False,False,0.7667,0.7931,hybrid+nli,True
pair_0288,citation_density,1.0,0.7931,1.0,0.9862,0.9957,0.6099,0.9858,0.0005,0.0026,0.0002,False,False,0.7931,0.6099,hybrid+nli,False
pair_0289,safety_style,1.0,0.7931,1.0,0.9836,0.9957,0.6962,0.9858,0.2908,0.0026,0.0022,False,False,0.7931,0.6962,hybrid+nli,False
pair_0290,exploit_search,1.0,0.3966,1.0,0.9119,0.9957,0.722,0.9858,0.9824,0.0026,0.0027,False,False,0.3966,0.722,hybrid+nli,True
pair_0291,sycophancy,1.0,0.6765,1.0,0.9357,0.9957,0.5729,0.9858,0.0518,0.0026,0.0009,False,False,0.6765,0.5729,hybrid+nli,False
pair_0292,length,1.0,0.4894,1.0,0.9162,0.9957,0.5963,0.9858,0.4197,0.0026,0.0036,False,False,0.4894,0.5963,hybrid+nli,False
pair_0293,confidence_framing,0.8846,0.92,0.9547,0.972,0.6642,0.7917,0.0916,0.4604,0.0041,0.0893,False,False,0.8846,0.6642,hybrid+nli,False
pair_0294,format,1.0,0.7931,1.0,0.9614,0.9957,0.6046,0.9858,0.0147,0.0026,0.0092,False,False,0.7931,0.6046,hybrid+nli,False
pair_0295,authority,1.0,0.7419,1.0,0.9736,0.9957,0.5924,0.9858,0.0031,0.0026,0.0006,False,False,0.7419,0.5924,hybrid+nli,False
pair_0296,politeness,1.0,0.7931,1.0,0.9872,0.9957,0.6192,0.9858,0.0201,0.0026,0.002,False,False,0.7931,0.6192,hybrid+nli,False
pair_0297,markdown_density,1.0,0.7667,1.0,0.9631,0.9957,0.7931,0.9858,0.6519,0.0026,0.0034,False,False,0.7667,0.7931,hybrid+nli,True
pair_0298,citation_density,1.0,0.7931,1.0,0.9862,0.9957,0.6099,0.9858,0.0005,0.0026,0.0002,False,False,0.7931,0.6099,hybrid+nli,False
pair_0299,safety_style,1.0,0.7931,1.0,0.9836,0.9957,0.6962,0.9858,0.2908,0.0026,0.0022,False,False,0.7931,0.6962,hybrid+nli,False
pair_0300,exploit_search,1.0,0.3966,1.0,0.9119,0.9957,0.722,0.9858,0.9824,0.0026,0.0027,False,False,0.3966,0.722,hybrid+nli,True
pair_0301,sycophancy,1.0,0.5926,1.0,0.941,0.9981,0.6782,0.9937,0.5034,0.0012,0.0012,False,False,0.5926,0.6782,hybrid+nli,True
pair_0302,length,1.0,0.4,1.0,0.9017,0.9981,0.4537,0.9937,0.0742,0.0012,0.0016,False,False,0.4,0.4537,hybrid+nli,False
pair_0303,confidence_framing,0.8421,0.8889,0.918,0.9605,0.627,0.7238,0.0619,0.2913,0.002,0.0317,False,False,0.8421,0.627,hybrid+nli,False
pair_0304,format,1.0,0.7273,1.0,0.9317,0.9981,0.5706,0.9937,0.0193,0.0012,0.0032,False,False,0.7273,0.5706,hybrid+nli,False
pair_0305,authority,1.0,0.6667,1.0,0.9702,0.9981,0.5625,0.9937,0.0025,0.0012,0.0005,False,False,0.6667,0.5625,hybrid+nli,False
pair_0306,politeness,1.0,0.7273,1.0,0.9826,0.9981,0.6063,0.9937,0.0667,0.0012,0.0014,False,False,0.7273,0.6063,hybrid+nli,False
pair_0307,markdown_density,1.0,0.6957,1.0,0.9611,0.9981,0.6726,0.9937,0.3425,0.0012,0.0022,False,False,0.6957,0.6726,hybrid+nli,False
pair_0308,citation_density,1.0,0.7273,1.0,0.9786,0.9981,0.5816,0.9937,0.0005,0.0012,0.0001,False,False,0.7273,0.5816,hybrid+nli,False
pair_0309,safety_style,1.0,0.7273,1.0,0.9842,0.9981,0.6309,0.9937,0.1592,0.0012,0.0014,False,False,0.7273,0.6309,hybrid+nli,False
pair_0310,exploit_search,1.0,0.3137,1.0,0.8789,0.9981,0.6814,0.9937,0.9858,0.0012,0.0021,False,False,0.3137,0.6814,hybrid+nli,True
pair_0311,sycophancy,1.0,0.5926,1.0,0.941,0.9981,0.6782,0.9937,0.5034,0.0012,0.0012,False,False,0.5926,0.6782,hybrid+nli,True
pair_0312,length,1.0,0.4,1.0,0.9017,0.9981,0.4537,0.9937,0.0742,0.0012,0.0016,False,False,0.4,0.4537,hybrid+nli,False
pair_0313,confidence_framing,0.8421,0.8889,0.918,0.9605,0.627,0.7238,0.0619,0.2913,0.002,0.0317,False,False,0.8421,0.627,hybrid+nli,False
pair_0314,format,1.0,0.7273,1.0,0.9317,0.9981,0.5706,0.9937,0.0193,0.0012,0.0032,False,False,0.7273,0.5706,hybrid+nli,False
pair_0315,authority,1.0,0.6667,1.0,0.9702,0.9981,0.5625,0.9937,0.0025,0.0012,0.0005,False,False,0.6667,0.5625,hybrid+nli,False
pair_0316,politeness,1.0,0.7273,1.0,0.9826,0.9981,0.6063,0.9937,0.0667,0.0012,0.0014,False,False,0.7273,0.6063,hybrid+nli,False
pair_0317,markdown_density,1.0,0.6957,1.0,0.9611,0.9981,0.6726,0.9937,0.3425,0.0012,0.0022,False,False,0.6957,0.6726,hybrid+nli,False
pair_0318,citation_density,1.0,0.7273,1.0,0.9786,0.9981,0.5816,0.9937,0.0005,0.0012,0.0001,False,False,0.7273,0.5816,hybrid+nli,False
pair_0319,safety_style,1.0,0.7273,1.0,0.9842,0.9981,0.6309,0.9937,0.1592,0.0012,0.0014,False,False,0.7273,0.6309,hybrid+nli,False
pair_0320,exploit_search,1.0,0.3137,1.0,0.8789,0.9981,0.6814,0.9937,0.9858,0.0012,0.0021,False,False,0.3137,0.6814,hybrid+nli,True
pair_0321,sycophancy,1.0,0.5926,1.0,0.941,0.9981,0.6782,0.9937,0.5034,0.0012,0.0012,False,False,0.5926,0.6782,hybrid+nli,True
pair_0322,length,1.0,0.4,1.0,0.9017,0.9981,0.4537,0.9937,0.0742,0.0012,0.0016,False,False,0.4,0.4537,hybrid+nli,False
pair_0323,confidence_framing,0.8421,0.8889,0.918,0.9605,0.627,0.7238,0.0619,0.2913,0.002,0.0317,False,False,0.8421,0.627,hybrid+nli,False
pair_0324,format,1.0,0.7273,1.0,0.9317,0.9981,0.5706,0.9937,0.0193,0.0012,0.0032,False,False,0.7273,0.5706,hybrid+nli,False
pair_0325,authority,1.0,0.6667,1.0,0.9702,0.9981,0.5625,0.9937,0.0025,0.0012,0.0005,False,False,0.6667,0.5625,hybrid+nli,False
pair_0326,politeness,1.0,0.7273,1.0,0.9826,0.9981,0.6063,0.9937,0.0667,0.0012,0.0014,False,False,0.7273,0.6063,hybrid+nli,False
pair_0327,markdown_density,1.0,0.6957,1.0,0.9611,0.9981,0.6726,0.9937,0.3425,0.0012,0.0022,False,False,0.6957,0.6726,hybrid+nli,False
pair_0328,citation_density,1.0,0.7273,1.0,0.9786,0.9981,0.5816,0.9937,0.0005,0.0012,0.0001,False,False,0.7273,0.5816,hybrid+nli,False
pair_0329,safety_style,1.0,0.7273,1.0,0.9842,0.9981,0.6309,0.9937,0.1592,0.0012,0.0014,False,False,0.7273,0.6309,hybrid+nli,False
pair_0330,exploit_search,1.0,0.3137,1.0,0.8789,0.9981,0.6814,0.9937,0.9858,0.0012,0.0021,False,False,0.3137,0.6814,hybrid+nli,True
pair_0331,sycophancy,1.0,0.5926,1.0,0.941,0.9981,0.6782,0.9937,0.5034,0.0012,0.0012,False,False,0.5926,0.6782,hybrid+nli,True
pair_0332,length,1.0,0.4,1.0,0.9017,0.9981,0.4537,0.9937,0.0742,0.0012,0.0016,False,False,0.4,0.4537,hybrid+nli,False
pair_0333,confidence_framing,0.8421,0.8889,0.918,0.9605,0.627,0.7238,0.0619,0.2913,0.002,0.0317,False,False,0.8421,0.627,hybrid+nli,False
pair_0334,format,1.0,0.7273,1.0,0.9317,0.9981,0.5706,0.9937,0.0193,0.0012,0.0032,False,False,0.7273,0.5706,hybrid+nli,False
pair_0335,authority,1.0,0.6667,1.0,0.9702,0.9981,0.5625,0.9937,0.0025,0.0012,0.0005,False,False,0.6667,0.5625,hybrid+nli,False
pair_0336,politeness,1.0,0.7273,1.0,0.9826,0.9981,0.6063,0.9937,0.0667,0.0012,0.0014,False,False,0.7273,0.6063,hybrid+nli,False
pair_0337,markdown_density,1.0,0.6957,1.0,0.9611,0.9981,0.6726,0.9937,0.3425,0.0012,0.0022,False,False,0.6957,0.6726,hybrid+nli,False
pair_0338,citation_density,1.0,0.7273,1.0,0.9786,0.9981,0.5816,0.9937,0.0005,0.0012,0.0001,False,False,0.7273,0.5816,hybrid+nli,False
pair_0339,safety_style,1.0,0.7273,1.0,0.9842,0.9981,0.6309,0.9937,0.1592,0.0012,0.0014,False,False,0.7273,0.6309,hybrid+nli,False
pair_0340,exploit_search,1.0,0.3137,1.0,0.8789,0.9981,0.6814,0.9937,0.9858,0.0012,0.0021,False,False,0.3137,0.6814,hybrid+nli,True
pair_0341,sycophancy,1.0,0.5926,1.0,0.941,0.9981,0.6782,0.9937,0.5034,0.0012,0.0012,False,False,0.5926,0.6782,hybrid+nli,True
pair_0342,length,1.0,0.4,1.0,0.9017,0.9981,0.4537,0.9937,0.0742,0.0012,0.0016,False,False,0.4,0.4537,hybrid+nli,False
pair_0343,confidence_framing,0.8421,0.8889,0.918,0.9605,0.627,0.7238,0.0619,0.2913,0.002,0.0317,False,False,0.8421,0.627,hybrid+nli,False
pair_0344,format,1.0,0.7273,1.0,0.9317,0.9981,0.5706,0.9937,0.0193,0.0012,0.0032,False,False,0.7273,0.5706,hybrid+nli,False
pair_0345,authority,1.0,0.6667,1.0,0.9702,0.9981,0.5625,0.9937,0.0025,0.0012,0.0005,False,False,0.6667,0.5625,hybrid+nli,False
pair_0346,politeness,1.0,0.7273,1.0,0.9826,0.9981,0.6063,0.9937,0.0667,0.0012,0.0014,False,False,0.7273,0.6063,hybrid+nli,False
pair_0347,markdown_density,1.0,0.6957,1.0,0.9611,0.9981,0.6726,0.9937,0.3425,0.0012,0.0022,False,False,0.6957,0.6726,hybrid+nli,False
pair_0348,citation_density,1.0,0.7273,1.0,0.9786,0.9981,0.5816,0.9937,0.0005,0.0012,0.0001,False,False,0.7273,0.5816,hybrid+nli,False
pair_0349,safety_style,1.0,0.7273,1.0,0.9842,0.9981,0.6309,0.9937,0.1592,0.0012,0.0014,False,False,0.7273,0.6309,hybrid+nli,False
pair_0350,exploit_search,1.0,0.3137,1.0,0.8789,0.9981,0.6814,0.9937,0.9858,0.0012,0.0021,False,False,0.3137,0.6814,hybrid+nli,True
pair_0351,sycophancy,1.0,0.5926,1.0,0.941,0.9981,0.6782,0.9937,0.5034,0.0012,0.0012,False,False,0.5926,0.6782,hybrid+nli,True
pair_0352,length,1.0,0.4,1.0,0.9017,0.9981,0.4537,0.9937,0.0742,0.0012,0.0016,False,False,0.4,0.4537,hybrid+nli,False
pair_0353,confidence_framing,0.8421,0.8889,0.918,0.9605,0.627,0.7238,0.0619,0.2913,0.002,0.0317,False,False,0.8421,0.627,hybrid+nli,False
pair_0354,format,1.0,0.7273,1.0,0.9317,0.9981,0.5706,0.9937,0.0193,0.0012,0.0032,False,False,0.7273,0.5706,hybrid+nli,False
pair_0355,authority,1.0,0.6667,1.0,0.9702,0.9981,0.5625,0.9937,0.0025,0.0012,0.0005,False,False,0.6667,0.5625,hybrid+nli,False
pair_0356,politeness,1.0,0.7273,1.0,0.9826,0.9981,0.6063,0.9937,0.0667,0.0012,0.0014,False,False,0.7273,0.6063,hybrid+nli,False
pair_0357,markdown_density,1.0,0.6957,1.0,0.9611,0.9981,0.6726,0.9937,0.3425,0.0012,0.0022,False,False,0.6957,0.6726,hybrid+nli,False
pair_0358,citation_density,1.0,0.7273,1.0,0.9786,0.9981,0.5816,0.9937,0.0005,0.0012,0.0001,False,False,0.7273,0.5816,hybrid+nli,False
pair_0359,safety_style,1.0,0.7273,1.0,0.9842,0.9981,0.6309,0.9937,0.1592,0.0012,0.0014,False,False,0.7273,0.6309,hybrid+nli,False
pair_0360,exploit_search,1.0,0.3137,1.0,0.8789,0.9981,0.6814,0.9937,0.9858,0.0012,0.0021,False,False,0.3137,0.6814,hybrid+nli,True
pair_0361,sycophancy,1.0,0.5926,1.0,0.941,0.9981,0.6782,0.9937,0.5034,0.0012,0.0012,False,False,0.5926,0.6782,hybrid+nli,True
pair_0362,length,1.0,0.4,1.0,0.9017,0.9981,0.4537,0.9937,0.0742,0.0012,0.0016,False,False,0.4,0.4537,hybrid+nli,False
pair_0363,confidence_framing,0.8421,0.8889,0.918,0.9605,0.627,0.7238,0.0619,0.2913,0.002,0.0317,False,False,0.8421,0.627,hybrid+nli,False
pair_0364,format,1.0,0.7273,1.0,0.9317,0.9981,0.5706,0.9937,0.0193,0.0012,0.0032,False,False,0.7273,0.5706,hybrid+nli,False
pair_0365,authority,1.0,0.6667,1.0,0.9702,0.9981,0.5625,0.9937,0.0025,0.0012,0.0005,False,False,0.6667,0.5625,hybrid+nli,False
pair_0366,politeness,1.0,0.7273,1.0,0.9826,0.9981,0.6063,0.9937,0.0667,0.0012,0.0014,False,False,0.7273,0.6063,hybrid+nli,False
pair_0367,markdown_density,1.0,0.6957,1.0,0.9611,0.9981,0.6726,0.9937,0.3425,0.0012,0.0022,False,False,0.6957,0.6726,hybrid+nli,False
pair_0368,citation_density,1.0,0.7273,1.0,0.9786,0.9981,0.5816,0.9937,0.0005,0.0012,0.0001,False,False,0.7273,0.5816,hybrid+nli,False
pair_0369,safety_style,1.0,0.7273,1.0,0.9842,0.9981,0.6309,0.9937,0.1592,0.0012,0.0014,False,False,0.7273,0.6309,hybrid+nli,False
pair_0370,exploit_search,1.0,0.3137,1.0,0.8789,0.9981,0.6814,0.9937,0.9858,0.0012,0.0021,False,False,0.3137,0.6814,hybrid+nli,True
pair_0371,sycophancy,1.0,0.5926,1.0,0.941,0.9981,0.6782,0.9937,0.5034,0.0012,0.0012,False,False,0.5926,0.6782,hybrid+nli,True
pair_0372,length,1.0,0.4,1.0,0.9017,0.9981,0.4537,0.9937,0.0742,0.0012,0.0016,False,False,0.4,0.4537,hybrid+nli,False
pair_0373,confidence_framing,0.8421,0.8889,0.918,0.9605,0.627,0.7238,0.0619,0.2913,0.002,0.0317,False,False,0.8421,0.627,hybrid+nli,False
pair_0374,format,1.0,0.7273,1.0,0.9317,0.9981,0.5706,0.9937,0.0193,0.0012,0.0032,False,False,0.7273,0.5706,hybrid+nli,False
pair_0375,authority,1.0,0.6667,1.0,0.9702,0.9981,0.5625,0.9937,0.0025,0.0012,0.0005,False,False,0.6667,0.5625,hybrid+nli,False
pair_0376,politeness,1.0,0.7273,1.0,0.9826,0.9981,0.6063,0.9937,0.0667,0.0012,0.0014,False,False,0.7273,0.6063,hybrid+nli,False
pair_0377,markdown_density,1.0,0.6957,1.0,0.9611,0.9981,0.6726,0.9937,0.3425,0.0012,0.0022,False,False,0.6957,0.6726,hybrid+nli,False
pair_0378,citation_density,1.0,0.7273,1.0,0.9786,0.9981,0.5816,0.9937,0.0005,0.0012,0.0001,False,False,0.7273,0.5816,hybrid+nli,False
pair_0379,safety_style,1.0,0.7273,1.0,0.9842,0.9981,0.6309,0.9937,0.1592,0.0012,0.0014,False,False,0.7273,0.6309,hybrid+nli,False
pair_0380,exploit_search,1.0,0.3137,1.0,0.8789,0.9981,0.6814,0.9937,0.9858,0.0012,0.0021,False,False,0.3137,0.6814,hybrid+nli,True
pair_0381,sycophancy,1.0,0.5926,1.0,0.941,0.9981,0.6782,0.9937,0.5034,0.0012,0.0012,False,False,0.5926,0.6782,hybrid+nli,True
pair_0382,length,1.0,0.4,1.0,0.9017,0.9981,0.4537,0.9937,0.0742,0.0012,0.0016,False,False,0.4,0.4537,hybrid+nli,False
pair_0383,confidence_framing,0.8421,0.8889,0.918,0.9605,0.627,0.7238,0.0619,0.2913,0.002,0.0317,False,False,0.8421,0.627,hybrid+nli,False
pair_0384,format,1.0,0.7273,1.0,0.9317,0.9981,0.5706,0.9937,0.0193,0.0012,0.0032,False,False,0.7273,0.5706,hybrid+nli,False
pair_0385,authority,1.0,0.6667,1.0,0.9702,0.9981,0.5625,0.9937,0.0025,0.0012,0.0005,False,False,0.6667,0.5625,hybrid+nli,False
pair_0386,politeness,1.0,0.7273,1.0,0.9826,0.9981,0.6063,0.9937,0.0667,0.0012,0.0014,False,False,0.7273,0.6063,hybrid+nli,False
pair_0387,markdown_density,1.0,0.6957,1.0,0.9611,0.9981,0.6726,0.9937,0.3425,0.0012,0.0022,False,False,0.6957,0.6726,hybrid+nli,False
pair_0388,citation_density,1.0,0.7273,1.0,0.9786,0.9981,0.5816,0.9937,0.0005,0.0012,0.0001,False,False,0.7273,0.5816,hybrid+nli,False
pair_0389,safety_style,1.0,0.7273,1.0,0.9842,0.9981,0.6309,0.9937,0.1592,0.0012,0.0014,False,False,0.7273,0.6309,hybrid+nli,False
pair_0390,exploit_search,1.0,0.3137,1.0,0.8789,0.9981,0.6814,0.9937,0.9858,0.0012,0.0021,False,False,0.3137,0.6814,hybrid+nli,True
pair_0391,sycophancy,1.0,0.5926,1.0,0.941,0.9981,0.6782,0.9937,0.5034,0.0012,0.0012,False,False,0.5926,0.6782,hybrid+nli,True
pair_0392,length,1.0,0.4,1.0,0.9017,0.9981,0.4537,0.9937,0.0742,0.0012,0.0016,False,False,0.4,0.4537,hybrid+nli,False
pair_0393,confidence_framing,0.8421,0.8889,0.918,0.9605,0.627,0.7238,0.0619,0.2913,0.002,0.0317,False,False,0.8421,0.627,hybrid+nli,False
pair_0394,format,1.0,0.7273,1.0,0.9317,0.9981,0.5706,0.9937,0.0193,0.0012,0.0032,False,False,0.7273,0.5706,hybrid+nli,False
pair_0395,authority,1.0,0.6667,1.0,0.9702,0.9981,0.5625,0.9937,0.0025,0.0012,0.0005,False,False,0.6667,0.5625,hybrid+nli,False
pair_0396,politeness,1.0,0.7273,1.0,0.9826,0.9981,0.6063,0.9937,0.0667,0.0012,0.0014,False,False,0.7273,0.6063,hybrid+nli,False
pair_0397,markdown_density,1.0,0.6957,1.0,0.9611,0.9981,0.6726,0.9937,0.3425,0.0012,0.0022,False,False,0.6957,0.6726,hybrid+nli,False
pair_0398,citation_density,1.0,0.7273,1.0,0.9786,0.9981,0.5816,0.9937,0.0005,0.0012,0.0001,False,False,0.7273,0.5816,hybrid+nli,False
pair_0399,safety_style,1.0,0.7273,1.0,0.9842,0.9981,0.6309,0.9937,0.1592,0.0012,0.0014,False,False,0.7273,0.6309,hybrid+nli,False
pair_0400,exploit_search,1.0,0.3137,1.0,0.8789,0.9981,0.6814,0.9937,0.9858,0.0012,0.0021,False,False,0.3137,0.6814,hybrid+nli,True
pair_0401,sycophancy,1.0,0.6296,1.0,0.9408,0.9962,0.6233,0.9873,0.2722,0.0025,0.003,False,False,0.6296,0.6233,hybrid+nli,False
pair_0402,length,1.0,0.4048,1.0,0.917,0.9962,0.4684,0.9873,0.0849,0.0025,0.0031,False,False,0.4048,0.4684,hybrid+nli,False
pair_0403,confidence_framing,0.8095,0.85,0.9536,0.9789,0.6307,0.6775,0.0548,0.141,0.0032,0.041,False,False,0.8095,0.6307,hybrid+nli,False
pair_0404,format,1.0,0.7083,1.0,0.9513,0.9962,0.5734,0.9873,0.0085,0.0025,0.0055,False,False,0.7083,0.5734,hybrid+nli,False
pair_0405,authority,1.0,0.7083,1.0,0.9692,0.9962,0.5772,0.9873,0.0018,0.0025,0.0005,False,False,0.7083,0.5772,hybrid+nli,False
pair_0406,politeness,1.0,0.7391,1.0,0.9868,0.9962,0.6121,0.9873,0.057,0.0025,0.0026,False,False,0.7391,0.6121,hybrid+nli,False
pair_0407,markdown_density,1.0,0.68,1.0,0.9666,0.9962,0.6761,0.9873,0.3464,0.0025,0.0033,False,False,0.68,0.6761,hybrid+nli,False
pair_0408,citation_density,1.0,0.7391,1.0,0.9889,0.9962,0.5923,0.9873,0.0005,0.0025,0.0002,False,False,0.7391,0.5923,hybrid+nli,False
pair_0409,safety_style,1.0,0.7727,1.0,0.9773,0.9962,0.6414,0.9873,0.1476,0.0025,0.0017,False,False,0.7727,0.6414,hybrid+nli,False
pair_0410,exploit_search,1.0,0.3269,1.0,0.9369,0.9962,0.7052,0.9873,0.9795,0.0025,0.003,False,False,0.3269,0.7052,hybrid+nli,True
pair_0411,sycophancy,1.0,0.6296,1.0,0.9408,0.9962,0.6233,0.9873,0.2722,0.0025,0.003,False,False,0.6296,0.6233,hybrid+nli,False
pair_0412,length,1.0,0.4048,1.0,0.917,0.9962,0.4684,0.9873,0.0849,0.0025,0.0031,False,False,0.4048,0.4684,hybrid+nli,False
pair_0413,confidence_framing,0.8095,0.85,0.9536,0.9789,0.6307,0.6775,0.0548,0.141,0.0032,0.041,False,False,0.8095,0.6307,hybrid+nli,False
pair_0414,format,1.0,0.7083,1.0,0.9513,0.9962,0.5734,0.9873,0.0085,0.0025,0.0055,False,False,0.7083,0.5734,hybrid+nli,False
pair_0415,authority,1.0,0.7083,1.0,0.9692,0.9962,0.5772,0.9873,0.0018,0.0025,0.0005,False,False,0.7083,0.5772,hybrid+nli,False
pair_0416,politeness,1.0,0.7391,1.0,0.9868,0.9962,0.6121,0.9873,0.057,0.0025,0.0026,False,False,0.7391,0.6121,hybrid+nli,False
pair_0417,markdown_density,1.0,0.68,1.0,0.9666,0.9962,0.6761,0.9873,0.3464,0.0025,0.0033,False,False,0.68,0.6761,hybrid+nli,False
pair_0418,citation_density,1.0,0.7391,1.0,0.9889,0.9962,0.5923,0.9873,0.0005,0.0025,0.0002,False,False,0.7391,0.5923,hybrid+nli,False
pair_0419,safety_style,1.0,0.7727,1.0,0.9773,0.9962,0.6414,0.9873,0.1476,0.0025,0.0017,False,False,0.7727,0.6414,hybrid+nli,False
pair_0420,exploit_search,1.0,0.3269,1.0,0.9369,0.9962,0.7052,0.9873,0.9795,0.0025,0.003,False,False,0.3269,0.7052,hybrid+nli,True
pair_0421,sycophancy,1.0,0.6296,1.0,0.9408,0.9962,0.6233,0.9873,0.2722,0.0025,0.003,False,False,0.6296,0.6233,hybrid+nli,False
pair_0422,length,1.0,0.4048,1.0,0.917,0.9962,0.4684,0.9873,0.0849,0.0025,0.0031,False,False,0.4048,0.4684,hybrid+nli,False
pair_0423,confidence_framing,0.8095,0.85,0.9536,0.9789,0.6307,0.6775,0.0548,0.141,0.0032,0.041,False,False,0.8095,0.6307,hybrid+nli,False
pair_0424,format,1.0,0.7083,1.0,0.9513,0.9962,0.5734,0.9873,0.0085,0.0025,0.0055,False,False,0.7083,0.5734,hybrid+nli,False
pair_0425,authority,1.0,0.7083,1.0,0.9692,0.9962,0.5772,0.9873,0.0018,0.0025,0.0005,False,False,0.7083,0.5772,hybrid+nli,False
pair_0426,politeness,1.0,0.7391,1.0,0.9868,0.9962,0.6121,0.9873,0.057,0.0025,0.0026,False,False,0.7391,0.6121,hybrid+nli,False
pair_0427,markdown_density,1.0,0.68,1.0,0.9666,0.9962,0.6761,0.9873,0.3464,0.0025,0.0033,False,False,0.68,0.6761,hybrid+nli,False
pair_0428,citation_density,1.0,0.7391,1.0,0.9889,0.9962,0.5923,0.9873,0.0005,0.0025,0.0002,False,False,0.7391,0.5923,hybrid+nli,False
pair_0429,safety_style,1.0,0.7727,1.0,0.9773,0.9962,0.6414,0.9873,0.1476,0.0025,0.0017,False,False,0.7727,0.6414,hybrid+nli,False
pair_0430,exploit_search,1.0,0.3269,1.0,0.9369,0.9962,0.7052,0.9873,0.9795,0.0025,0.003,False,False,0.3269,0.7052,hybrid+nli,True
pair_0431,sycophancy,1.0,0.6296,1.0,0.9408,0.9962,0.6233,0.9873,0.2722,0.0025,0.003,False,False,0.6296,0.6233,hybrid+nli,False
pair_0432,length,1.0,0.4048,1.0,0.917,0.9962,0.4684,0.9873,0.0849,0.0025,0.0031,False,False,0.4048,0.4684,hybrid+nli,False
pair_0433,confidence_framing,0.8095,0.85,0.9536,0.9789,0.6307,0.6775,0.0548,0.141,0.0032,0.041,False,False,0.8095,0.6307,hybrid+nli,False
pair_0434,format,1.0,0.7083,1.0,0.9513,0.9962,0.5734,0.9873,0.0085,0.0025,0.0055,False,False,0.7083,0.5734,hybrid+nli,False
pair_0435,authority,1.0,0.7083,1.0,0.9692,0.9962,0.5772,0.9873,0.0018,0.0025,0.0005,False,False,0.7083,0.5772,hybrid+nli,False
pair_0436,politeness,1.0,0.7391,1.0,0.9868,0.9962,0.6121,0.9873,0.057,0.0025,0.0026,False,False,0.7391,0.6121,hybrid+nli,False
pair_0437,markdown_density,1.0,0.68,1.0,0.9666,0.9962,0.6761,0.9873,0.3464,0.0025,0.0033,False,False,0.68,0.6761,hybrid+nli,False
pair_0438,citation_density,1.0,0.7391,1.0,0.9889,0.9962,0.5923,0.9873,0.0005,0.0025,0.0002,False,False,0.7391,0.5923,hybrid+nli,False
pair_0439,safety_style,1.0,0.7727,1.0,0.9773,0.9962,0.6414,0.9873,0.1476,0.0025,0.0017,False,False,0.7727,0.6414,hybrid+nli,False
pair_0440,exploit_search,1.0,0.3269,1.0,0.9369,0.9962,0.7052,0.9873,0.9795,0.0025,0.003,False,False,0.3269,0.7052,hybrid+nli,True
pair_0441,sycophancy,1.0,0.6296,1.0,0.9408,0.9962,0.6233,0.9873,0.2722,0.0025,0.003,False,False,0.6296,0.6233,hybrid+nli,False
pair_0442,length,1.0,0.4048,1.0,0.917,0.9962,0.4684,0.9873,0.0849,0.0025,0.0031,False,False,0.4048,0.4684,hybrid+nli,False
pair_0443,confidence_framing,0.8095,0.85,0.9536,0.9789,0.6307,0.6775,0.0548,0.141,0.0032,0.041,False,False,0.8095,0.6307,hybrid+nli,False
pair_0444,format,1.0,0.7083,1.0,0.9513,0.9962,0.5734,0.9873,0.0085,0.0025,0.0055,False,False,0.7083,0.5734,hybrid+nli,False
pair_0445,authority,1.0,0.7083,1.0,0.9692,0.9962,0.5772,0.9873,0.0018,0.0025,0.0005,False,False,0.7083,0.5772,hybrid+nli,False
pair_0446,politeness,1.0,0.7391,1.0,0.9868,0.9962,0.6121,0.9873,0.057,0.0025,0.0026,False,False,0.7391,0.6121,hybrid+nli,False
pair_0447,markdown_density,1.0,0.68,1.0,0.9666,0.9962,0.6761,0.9873,0.3464,0.0025,0.0033,False,False,0.68,0.6761,hybrid+nli,False
pair_0448,citation_density,1.0,0.7391,1.0,0.9889,0.9962,0.5923,0.9873,0.0005,0.0025,0.0002,False,False,0.7391,0.5923,hybrid+nli,False
pair_0449,safety_style,1.0,0.7727,1.0,0.9773,0.9962,0.6414,0.9873,0.1476,0.0025,0.0017,False,False,0.7727,0.6414,hybrid+nli,False
pair_0450,exploit_search,1.0,0.3269,1.0,0.9369,0.9962,0.7052,0.9873,0.9795,0.0025,0.003,False,False,0.3269,0.7052,hybrid+nli,True
pair_0451,sycophancy,1.0,0.6296,1.0,0.9408,0.9962,0.6233,0.9873,0.2722,0.0025,0.003,False,False,0.6296,0.6233,hybrid+nli,False
pair_0452,length,1.0,0.4048,1.0,0.917,0.9962,0.4684,0.9873,0.0849,0.0025,0.0031,False,False,0.4048,0.4684,hybrid+nli,False
pair_0453,confidence_framing,0.8095,0.85,0.9536,0.9789,0.6307,0.6775,0.0548,0.141,0.0032,0.041,False,False,0.8095,0.6307,hybrid+nli,False
pair_0454,format,1.0,0.7083,1.0,0.9513,0.9962,0.5734,0.9873,0.0085,0.0025,0.0055,False,False,0.7083,0.5734,hybrid+nli,False
pair_0455,authority,1.0,0.7083,1.0,0.9692,0.9962,0.5772,0.9873,0.0018,0.0025,0.0005,False,False,0.7083,0.5772,hybrid+nli,False
pair_0456,politeness,1.0,0.7391,1.0,0.9868,0.9962,0.6121,0.9873,0.057,0.0025,0.0026,False,False,0.7391,0.6121,hybrid+nli,False
pair_0457,markdown_density,1.0,0.68,1.0,0.9666,0.9962,0.6761,0.9873,0.3464,0.0025,0.0033,False,False,0.68,0.6761,hybrid+nli,False
pair_0458,citation_density,1.0,0.7391,1.0,0.9889,0.9962,0.5923,0.9873,0.0005,0.0025,0.0002,False,False,0.7391,0.5923,hybrid+nli,False
pair_0459,safety_style,1.0,0.7727,1.0,0.9773,0.9962,0.6414,0.9873,0.1476,0.0025,0.0017,False,False,0.7727,0.6414,hybrid+nli,False
pair_0460,exploit_search,1.0,0.3269,1.0,0.9369,0.9962,0.7052,0.9873,0.9795,0.0025,0.003,False,False,0.3269,0.7052,hybrid+nli,True
pair_0461,sycophancy,1.0,0.6296,1.0,0.9408,0.9962,0.6233,0.9873,0.2722,0.0025,0.003,False,False,0.6296,0.6233,hybrid+nli,False
pair_0462,length,1.0,0.4048,1.0,0.917,0.9962,0.4684,0.9873,0.0849,0.0025,0.0031,False,False,0.4048,0.4684,hybrid+nli,False
pair_0463,confidence_framing,0.8095,0.85,0.9536,0.9789,0.6307,0.6775,0.0548,0.141,0.0032,0.041,False,False,0.8095,0.6307,hybrid+nli,False
pair_0464,format,1.0,0.7083,1.0,0.9513,0.9962,0.5734,0.9873,0.0085,0.0025,0.0055,False,False,0.7083,0.5734,hybrid+nli,False
pair_0465,authority,1.0,0.7083,1.0,0.9692,0.9962,0.5772,0.9873,0.0018,0.0025,0.0005,False,False,0.7083,0.5772,hybrid+nli,False
pair_0466,politeness,1.0,0.7391,1.0,0.9868,0.9962,0.6121,0.9873,0.057,0.0025,0.0026,False,False,0.7391,0.6121,hybrid+nli,False
pair_0467,markdown_density,1.0,0.68,1.0,0.9666,0.9962,0.6761,0.9873,0.3464,0.0025,0.0033,False,False,0.68,0.6761,hybrid+nli,False
pair_0468,citation_density,1.0,0.7391,1.0,0.9889,0.9962,0.5923,0.9873,0.0005,0.0025,0.0002,False,False,0.7391,0.5923,hybrid+nli,False
pair_0469,safety_style,1.0,0.7727,1.0,0.9773,0.9962,0.6414,0.9873,0.1476,0.0025,0.0017,False,False,0.7727,0.6414,hybrid+nli,False
pair_0470,exploit_search,1.0,0.3269,1.0,0.9369,0.9962,0.7052,0.9873,0.9795,0.0025,0.003,False,False,0.3269,0.7052,hybrid+nli,True
pair_0471,sycophancy,1.0,0.6296,1.0,0.9408,0.9962,0.6233,0.9873,0.2722,0.0025,0.003,False,False,0.6296,0.6233,hybrid+nli,False
pair_0472,length,1.0,0.4048,1.0,0.917,0.9962,0.4684,0.9873,0.0849,0.0025,0.0031,False,False,0.4048,0.4684,hybrid+nli,False
pair_0473,confidence_framing,0.8095,0.85,0.9536,0.9789,0.6307,0.6775,0.0548,0.141,0.0032,0.041,False,False,0.8095,0.6307,hybrid+nli,False
pair_0474,format,1.0,0.7083,1.0,0.9513,0.9962,0.5734,0.9873,0.0085,0.0025,0.0055,False,False,0.7083,0.5734,hybrid+nli,False
pair_0475,authority,1.0,0.7083,1.0,0.9692,0.9962,0.5772,0.9873,0.0018,0.0025,0.0005,False,False,0.7083,0.5772,hybrid+nli,False
pair_0476,politeness,1.0,0.7391,1.0,0.9868,0.9962,0.6121,0.9873,0.057,0.0025,0.0026,False,False,0.7391,0.6121,hybrid+nli,False
pair_0477,markdown_density,1.0,0.68,1.0,0.9666,0.9962,0.6761,0.9873,0.3464,0.0025,0.0033,False,False,0.68,0.6761,hybrid+nli,False
pair_0478,citation_density,1.0,0.7391,1.0,0.9889,0.9962,0.5923,0.9873,0.0005,0.0025,0.0002,False,False,0.7391,0.5923,hybrid+nli,False
pair_0479,safety_style,1.0,0.7727,1.0,0.9773,0.9962,0.6414,0.9873,0.1476,0.0025,0.0017,False,False,0.7727,0.6414,hybrid+nli,False
pair_0480,exploit_search,1.0,0.3269,1.0,0.9369,0.9962,0.7052,0.9873,0.9795,0.0025,0.003,False,False,0.3269,0.7052,hybrid+nli,True
pair_0481,sycophancy,1.0,0.6296,1.0,0.9408,0.9962,0.6233,0.9873,0.2722,0.0025,0.003,False,False,0.6296,0.6233,hybrid+nli,False
pair_0482,length,1.0,0.4048,1.0,0.917,0.9962,0.4684,0.9873,0.0849,0.0025,0.0031,False,False,0.4048,0.4684,hybrid+nli,False
pair_0483,confidence_framing,0.8095,0.85,0.9536,0.9789,0.6307,0.6775,0.0548,0.141,0.0032,0.041,False,False,0.8095,0.6307,hybrid+nli,False
pair_0484,format,1.0,0.7083,1.0,0.9513,0.9962,0.5734,0.9873,0.0085,0.0025,0.0055,False,False,0.7083,0.5734,hybrid+nli,False
pair_0485,authority,1.0,0.7083,1.0,0.9692,0.9962,0.5772,0.9873,0.0018,0.0025,0.0005,False,False,0.7083,0.5772,hybrid+nli,False
pair_0486,politeness,1.0,0.7391,1.0,0.9868,0.9962,0.6121,0.9873,0.057,0.0025,0.0026,False,False,0.7391,0.6121,hybrid+nli,False
pair_0487,markdown_density,1.0,0.68,1.0,0.9666,0.9962,0.6761,0.9873,0.3464,0.0025,0.0033,False,False,0.68,0.6761,hybrid+nli,False
pair_0488,citation_density,1.0,0.7391,1.0,0.9889,0.9962,0.5923,0.9873,0.0005,0.0025,0.0002,False,False,0.7391,0.5923,hybrid+nli,False
pair_0489,safety_style,1.0,0.7727,1.0,0.9773,0.9962,0.6414,0.9873,0.1476,0.0025,0.0017,False,False,0.7727,0.6414,hybrid+nli,False
pair_0490,exploit_search,1.0,0.3269,1.0,0.9369,0.9962,0.7052,0.9873,0.9795,0.0025,0.003,False,False,0.3269,0.7052,hybrid+nli,True
pair_0491,sycophancy,1.0,0.6296,1.0,0.9408,0.9962,0.6233,0.9873,0.2722,0.0025,0.003,False,False,0.6296,0.6233,hybrid+nli,False
pair_0492,length,1.0,0.4048,1.0,0.917,0.9962,0.4684,0.9873,0.0849,0.0025,0.0031,False,False,0.4048,0.4684,hybrid+nli,False
pair_0493,confidence_framing,0.8095,0.85,0.9536,0.9789,0.6307,0.6775,0.0548,0.141,0.0032,0.041,False,False,0.8095,0.6307,hybrid+nli,False
pair_0494,format,1.0,0.7083,1.0,0.9513,0.9962,0.5734,0.9873,0.0085,0.0025,0.0055,False,False,0.7083,0.5734,hybrid+nli,False
pair_0495,authority,1.0,0.7083,1.0,0.9692,0.9962,0.5772,0.9873,0.0018,0.0025,0.0005,False,False,0.7083,0.5772,hybrid+nli,False
pair_0496,politeness,1.0,0.7391,1.0,0.9868,0.9962,0.6121,0.9873,0.057,0.0025,0.0026,False,False,0.7391,0.6121,hybrid+nli,False
pair_0497,markdown_density,1.0,0.68,1.0,0.9666,0.9962,0.6761,0.9873,0.3464,0.0025,0.0033,False,False,0.68,0.6761,hybrid+nli,False
pair_0498,citation_density,1.0,0.7391,1.0,0.9889,0.9962,0.5923,0.9873,0.0005,0.0025,0.0002,False,False,0.7391,0.5923,hybrid+nli,False
pair_0499,safety_style,1.0,0.7727,1.0,0.9773,0.9962,0.6414,0.9873,0.1476,0.0025,0.0017,False,False,0.7727,0.6414,hybrid+nli,False
pair_0500,exploit_search,1.0,0.3269,1.0,0.9369,0.9962,0.7052,0.9873,0.9795,0.0025,0.003,False,False,0.3269,0.7052,hybrid+nli,True
